code,description,created_at,updated_at,id,2020-02-02 00:00:00,2020-02-02 00:00:00,
KAD001,BAGALKOT DIST.,2020-02-02 00:00:00,2020-02-02 00:00:00,
KAD002,BANGALORE DIST.,2020-02-02 00:00:00,2020-02-02 00:00:00,
KAD003,BANGALORE RURAL DIST.,2020-02-02 00:00:00,2020-02-02 00:00:00,
KAD004,BELGAUM DIST.,2020-02-02 00:00:00,2020-02-02 00:00:00,
KAD005,BELLARY DIST.,2020-02-02 00:00:00,2020-02-02 00:00:00,
KAD006,BIDAR DIST.,2020-02-02 00:00:00,2020-02-02 00:00:00,
KAD007,BIJAPUR (KAR) DIST.,2020-02-02 00:00:00,2020-02-02 00:00:00,
KAD008,CHAMRAJNAGAR DIST.,2020-02-02 00:00:00,2020-02-02 00:00:00,
KAD009,CHICKMAGALUR DIST.,2020-02-02 00:00:00,2020-02-02 00:00:00,
KAD010,CHIKKABALLAPUR DIST.,2020-02-02 00:00:00,2020-02-02 00:00:00,
KAD011,CHITRADURGA DIST.,2020-02-02 00:00:00,2020-02-02 00:00:00,
KAD012,DAKSHINA KANNADA DIST.,2020-02-02 00:00:00,2020-02-02 00:00:00,
KAD013,DAVANGERE DIST.,2020-02-02 00:00:00,2020-02-02 00:00:00,
KAD014,DHARWAD DIST.,2020-02-02 00:00:00,2020-02-02 00:00:00,
KAD015,GADAG DIST.,2020-02-02 00:00:00,2020-02-02 00:00:00,
KAD016,GULBARGA DIST.,2020-02-02 00:00:00,2020-02-02 00:00:00,
KAD017,HASSAN DIST.,2020-02-02 00:00:00,2020-02-02 00:00:00,
KAD018,HAVERI DIST.,2020-02-02 00:00:00,2020-02-02 00:00:00,
KAD019,KODAGU DIST.,2020-02-02 00:00:00,2020-02-02 00:00:00,
KAD020,KOLAR DIST.,2020-02-02 00:00:00,2020-02-02 00:00:00,
KAD021,KOPPAL DIST.,2020-02-02 00:00:00,2020-02-02 00:00:00,
KAD022,MANDYA DIST.,2020-02-02 00:00:00,2020-02-02 00:00:00,
KAD023,MYSORE DIST.,2020-02-02 00:00:00,2020-02-02 00:00:00,
KAD024,RAICHUR DIST.,2020-02-02 00:00:00,2020-02-02 00:00:00,
KAD025,RAMANAGAR DIST.,2020-02-02 00:00:00,2020-02-02 00:00:00,
KAD026,SHIMOGA DIST.,2020-02-02 00:00:00,2020-02-02 00:00:00,
KAD027,TUMKUR DIST.,2020-02-02 00:00:00,2020-02-02 00:00:00,
KAD028,UDUPI DIST.,2020-02-02 00:00:00,2020-02-02 00:00:00,
KAD029,UTTARA KANNADA DIST.,2020-02-02 00:00:00,2020-02-02 00:00:00,
KAD030,YADGIR DIST.,2020-02-02 00:00:00,2020-02-02 00:00:00,
WBD001,BANKURA DIST.,2020-02-02 00:00:00,2020-02-02 00:00:00,
WBD002,BARDHAMAN DIST.,2020-02-02 00:00:00,2020-02-02 00:00:00,
WBD003,BIRBHUM DIST.,2020-02-02 00:00:00,2020-02-02 00:00:00,
WBD004,COOCH BEHAR DIST.,2020-02-02 00:00:00,2020-02-02 00:00:00,
WBD005,DARJILING DIST.,2020-02-02 00:00:00,2020-02-02 00:00:00,
WBD006,EAST MIDNAPORE DIST.,2020-02-02 00:00:00,2020-02-02 00:00:00,
WBD007,HOOGHLY DIST.,2020-02-02 00:00:00,2020-02-02 00:00:00,
WBD008,HOWRAH DIST.,2020-02-02 00:00:00,2020-02-02 00:00:00,
WBD009,JALPAIGURI DIST.,2020-02-02 00:00:00,2020-02-02 00:00:00,
WBD010,KOLKATA DIST.,2020-02-02 00:00:00,2020-02-02 00:00:00,
WBD011,MALDA DIST.,2020-02-02 00:00:00,2020-02-02 00:00:00,
WBD012,MURSHIDABAD DIST.,2020-02-02 00:00:00,2020-02-02 00:00:00,
WBD013,NADIA DIST.,2020-02-02 00:00:00,2020-02-02 00:00:00,
WBD014,NORTH 24 PARGANAS DIST.,2020-02-02 00:00:00,2020-02-02 00:00:00,
WBD015,NORTH DINAJPUR DIST.,2020-02-02 00:00:00,2020-02-02 00:00:00,
WBD016,PURULIYA DIST.,2020-02-02 00:00:00,2020-02-02 00:00:00,
WBD017,SOUTH 24 PARGANAS DIST.,2020-02-02 00:00:00,2020-02-02 00:00:00,
WBD018,SOUTH DINAJPUR DIST.,2020-02-02 00:00:00,2020-02-02 00:00:00,
WBD019,WEST MIDNAPORE DIST.,2020-02-02 00:00:00,2020-02-02 00:00:00,
INAND001,Nicobar,2020-02-02 00:00:00,2020-02-02 00:00:00,
INAND002,North And Middle Andaman,2020-02-02 00:00:00,2020-02-02 00:00:00,
INAND003,South Andaman,2020-02-02 00:00:00,2020-02-02 00:00:00,
INAPD001,Ananthapur,2020-02-02 00:00:00,2020-02-02 00:00:00,
INAPD002,Chittoor,2020-02-02 00:00:00,2020-02-02 00:00:00,
INAPD003,Cuddapah,2020-02-02 00:00:00,2020-02-02 00:00:00,
INAPD004,East Godavari,2020-02-02 00:00:00,2020-02-02 00:00:00,
INAPD005,Guntur,2020-02-02 00:00:00,2020-02-02 00:00:00,
INAPD006,Krishna,2020-02-02 00:00:00,2020-02-02 00:00:00,
INAPD007,Kurnool,2020-02-02 00:00:00,2020-02-02 00:00:00,
INAPD008,Nellore,2020-02-02 00:00:00,2020-02-02 00:00:00,
INAPD009,Prakasam,2020-02-02 00:00:00,2020-02-02 00:00:00,
INAPD010,Srikakulam,2020-02-02 00:00:00,2020-02-02 00:00:00,
INAPD011,Visakhapatnam,2020-02-02 00:00:00,2020-02-02 00:00:00,
INAPD012,Vizianagaram,2020-02-02 00:00:00,2020-02-02 00:00:00,
INAPD013,West Godavari,2020-02-02 00:00:00,2020-02-02 00:00:00,
INARD001,Changlang,2020-02-02 00:00:00,2020-02-02 00:00:00,
INARD002,Dibang Valley,2020-02-02 00:00:00,2020-02-02 00:00:00,
INARD003,East Kameng,2020-02-02 00:00:00,2020-02-02 00:00:00,
INARD004,East Siang,2020-02-02 00:00:00,2020-02-02 00:00:00,
INARD005,Kurung Kumey,2020-02-02 00:00:00,2020-02-02 00:00:00,
INARD006,Lohit,2020-02-02 00:00:00,2020-02-02 00:00:00,
INARD007,Lower Dibang Valley,2020-02-02 00:00:00,2020-02-02 00:00:00,
INARD008,Lower Subansiri,2020-02-02 00:00:00,2020-02-02 00:00:00,
INARD009,Papum Pare,2020-02-02 00:00:00,2020-02-02 00:00:00,
INARD010,Tawang,2020-02-02 00:00:00,2020-02-02 00:00:00,
INARD011,Tirap,2020-02-02 00:00:00,2020-02-02 00:00:00,
INARD012,Upper Siang,2020-02-02 00:00:00,2020-02-02 00:00:00,
INARD013,Upper Subansiri,2020-02-02 00:00:00,2020-02-02 00:00:00,
INARD014,West Kameng,2020-02-02 00:00:00,2020-02-02 00:00:00,
INARD015,West Siang,2020-02-02 00:00:00,2020-02-02 00:00:00,
INASD001,Barpeta,2020-02-02 00:00:00,2020-02-02 00:00:00,
INASD002,Bongaigaon,2020-02-02 00:00:00,2020-02-02 00:00:00,
INASD003,Cachar,2020-02-02 00:00:00,2020-02-02 00:00:00,
INASD004,Darrang,2020-02-02 00:00:00,2020-02-02 00:00:00,
INASD005,Dhemaji,2020-02-02 00:00:00,2020-02-02 00:00:00,
INASD006,Dhubri,2020-02-02 00:00:00,2020-02-02 00:00:00,
INASD007,Dibrugarh,2020-02-02 00:00:00,2020-02-02 00:00:00,
INASD008,Goalpara,2020-02-02 00:00:00,2020-02-02 00:00:00,
INASD009,Golaghat,2020-02-02 00:00:00,2020-02-02 00:00:00,
INASD010,Hailakandi,2020-02-02 00:00:00,2020-02-02 00:00:00,
INASD011,Jorhat,2020-02-02 00:00:00,2020-02-02 00:00:00,
INASD012,Kamrup,2020-02-02 00:00:00,2020-02-02 00:00:00,
INASD013,Karbi Anglong,2020-02-02 00:00:00,2020-02-02 00:00:00,
INASD014,Karimganj,2020-02-02 00:00:00,2020-02-02 00:00:00,
INASD015,Kokrajhar,2020-02-02 00:00:00,2020-02-02 00:00:00,
INASD016,Lakhimpur,2020-02-02 00:00:00,2020-02-02 00:00:00,
INASD017,Marigaon,2020-02-02 00:00:00,2020-02-02 00:00:00,
INASD018,Nagaon,2020-02-02 00:00:00,2020-02-02 00:00:00,
INASD019,Nalbari,2020-02-02 00:00:00,2020-02-02 00:00:00,
INASD020,North Cachar Hills,2020-02-02 00:00:00,2020-02-02 00:00:00,
INASD021,Sibsagar,2020-02-02 00:00:00,2020-02-02 00:00:00,
INASD022,Sonitpur,2020-02-02 00:00:00,2020-02-02 00:00:00,
INASD023,Tinsukia,2020-02-02 00:00:00,2020-02-02 00:00:00,
INBRD001,Araria,2020-02-02 00:00:00,2020-02-02 00:00:00,
INBRD002,Arwal,2020-02-02 00:00:00,2020-02-02 00:00:00,
INBRD003,Aurangabad(BH),2020-02-02 00:00:00,2020-02-02 00:00:00,
INBRD004,Banka,2020-02-02 00:00:00,2020-02-02 00:00:00,
INBRD005,Begusarai,2020-02-02 00:00:00,2020-02-02 00:00:00,
INBRD006,Bhagalpur,2020-02-02 00:00:00,2020-02-02 00:00:00,
INBRD007,Bhojpur,2020-02-02 00:00:00,2020-02-02 00:00:00,
INBRD008,Buxar,2020-02-02 00:00:00,2020-02-02 00:00:00,
INBRD009,Darbhanga,2020-02-02 00:00:00,2020-02-02 00:00:00,
INBRD010,East Champaran,2020-02-02 00:00:00,2020-02-02 00:00:00,
INBRD011,Gaya,2020-02-02 00:00:00,2020-02-02 00:00:00,
INBRD012,Gopalganj,2020-02-02 00:00:00,2020-02-02 00:00:00,
INBRD013,Jamui,2020-02-02 00:00:00,2020-02-02 00:00:00,
INBRD014,Jehanabad,2020-02-02 00:00:00,2020-02-02 00:00:00,
INBRD015,Kaimur (Bhabua),2020-02-02 00:00:00,2020-02-02 00:00:00,
INBRD016,Katihar,2020-02-02 00:00:00,2020-02-02 00:00:00,
INBRD017,Khagaria,2020-02-02 00:00:00,2020-02-02 00:00:00,
INBRD018,Kishanganj,2020-02-02 00:00:00,2020-02-02 00:00:00,
INBRD019,Lakhisarai,2020-02-02 00:00:00,2020-02-02 00:00:00,
INBRD020,Madhepura,2020-02-02 00:00:00,2020-02-02 00:00:00,
INBRD021,Madhubani,2020-02-02 00:00:00,2020-02-02 00:00:00,
INBRD022,Munger,2020-02-02 00:00:00,2020-02-02 00:00:00,
INBRD023,Muzaffarpur,2020-02-02 00:00:00,2020-02-02 00:00:00,
INBRD024,Nalanda,2020-02-02 00:00:00,2020-02-02 00:00:00,
INBRD025,Nawada,2020-02-02 00:00:00,2020-02-02 00:00:00,
INBRD026,Patna,2020-02-02 00:00:00,2020-02-02 00:00:00,
INBRD027,Purnia,2020-02-02 00:00:00,2020-02-02 00:00:00,
INBRD028,Rohtas,2020-02-02 00:00:00,2020-02-02 00:00:00,
INBRD029,Saharsa,2020-02-02 00:00:00,2020-02-02 00:00:00,
INBRD030,Samastipur,2020-02-02 00:00:00,2020-02-02 00:00:00,
INBRD031,Saran,2020-02-02 00:00:00,2020-02-02 00:00:00,
INBRD032,Sheikhpura,2020-02-02 00:00:00,2020-02-02 00:00:00,
INBRD033,Sheohar,2020-02-02 00:00:00,2020-02-02 00:00:00,
INBRD034,Sitamarhi,2020-02-02 00:00:00,2020-02-02 00:00:00,
INBRD035,Siwan,2020-02-02 00:00:00,2020-02-02 00:00:00,
INBRD036,Supaul,2020-02-02 00:00:00,2020-02-02 00:00:00,
INBRD037,Vaishali,2020-02-02 00:00:00,2020-02-02 00:00:00,
INBRD038,West Champaran,2020-02-02 00:00:00,2020-02-02 00:00:00,
INCGD001,Bastar,2020-02-02 00:00:00,2020-02-02 00:00:00,
INCGD002,Bijapur(CGH),2020-02-02 00:00:00,2020-02-02 00:00:00,
INCGD003,Bilaspur(CGH),2020-02-02 00:00:00,2020-02-02 00:00:00,
INCGD004,Dantewada,2020-02-02 00:00:00,2020-02-02 00:00:00,
INCGD005,Dhamtari,2020-02-02 00:00:00,2020-02-02 00:00:00,
INCGD006,Durg,2020-02-02 00:00:00,2020-02-02 00:00:00,
INCGD007,Gariaband,2020-02-02 00:00:00,2020-02-02 00:00:00,
INCGD008,Janjgir-champa,2020-02-02 00:00:00,2020-02-02 00:00:00,
INCGD009,Jashpur,2020-02-02 00:00:00,2020-02-02 00:00:00,
INCGD010,Kanker,2020-02-02 00:00:00,2020-02-02 00:00:00,
INCGD011,Kawardha,2020-02-02 00:00:00,2020-02-02 00:00:00,
INCGD012,Korba,2020-02-02 00:00:00,2020-02-02 00:00:00,
INCGD013,Koriya,2020-02-02 00:00:00,2020-02-02 00:00:00,
INCGD014,Mahasamund,2020-02-02 00:00:00,2020-02-02 00:00:00,
INCGD015,Narayanpur,2020-02-02 00:00:00,2020-02-02 00:00:00,
INCGD016,Raigarh,2020-02-02 00:00:00,2020-02-02 00:00:00,
INCGD017,Raipur,2020-02-02 00:00:00,2020-02-02 00:00:00,
INCGD018,Rajnandgaon,2020-02-02 00:00:00,2020-02-02 00:00:00,
INCGD019,Surguja,2020-02-02 00:00:00,2020-02-02 00:00:00,
INCHD001,Chandigarh,2020-02-02 00:00:00,2020-02-02 00:00:00,
INDDD001,Daman,2020-02-02 00:00:00,2020-02-02 00:00:00,
INDDD002,Diu,2020-02-02 00:00:00,2020-02-02 00:00:00,
INDLD001,Central Delhi,2020-02-02 00:00:00,2020-02-02 00:00:00,
INDLD002,East Delhi,2020-02-02 00:00:00,2020-02-02 00:00:00,
INDLD003,New Delhi,2020-02-02 00:00:00,2020-02-02 00:00:00,
INDLD004,North Delhi,2020-02-02 00:00:00,2020-02-02 00:00:00,
INDLD005,North East Delhi,2020-02-02 00:00:00,2020-02-02 00:00:00,
INDLD006,North West Delhi,2020-02-02 00:00:00,2020-02-02 00:00:00,
INDLD007,South Delhi,2020-02-02 00:00:00,2020-02-02 00:00:00,
INDLD008,South West Delhi,2020-02-02 00:00:00,2020-02-02 00:00:00,
INDLD009,West Delhi,2020-02-02 00:00:00,2020-02-02 00:00:00,
INDND001,Dadra & Nagar Haveli,2020-02-02 00:00:00,2020-02-02 00:00:00,
INGAD001,North Goa,2020-02-02 00:00:00,2020-02-02 00:00:00,
INGAD002,South Goa,2020-02-02 00:00:00,2020-02-02 00:00:00,
INGJD001,Ahmedabad,2020-02-02 00:00:00,2020-02-02 00:00:00,
INGJD002,Amreli,2020-02-02 00:00:00,2020-02-02 00:00:00,
INGJD003,Anand,2020-02-02 00:00:00,2020-02-02 00:00:00,
INGJD004,Banaskantha,2020-02-02 00:00:00,2020-02-02 00:00:00,
INGJD005,Bharuch,2020-02-02 00:00:00,2020-02-02 00:00:00,
INGJD006,Bhavnagar,2020-02-02 00:00:00,2020-02-02 00:00:00,
INGJD007,Dahod,2020-02-02 00:00:00,2020-02-02 00:00:00,
INGJD008,Gandhi Nagar,2020-02-02 00:00:00,2020-02-02 00:00:00,
INGJD009,Jamnagar,2020-02-02 00:00:00,2020-02-02 00:00:00,
INGJD010,Junagadh,2020-02-02 00:00:00,2020-02-02 00:00:00,
INGJD011,Kachchh,2020-02-02 00:00:00,2020-02-02 00:00:00,
INGJD012,Kheda,2020-02-02 00:00:00,2020-02-02 00:00:00,
INGJD013,Mahesana,2020-02-02 00:00:00,2020-02-02 00:00:00,
INGJD014,Narmada,2020-02-02 00:00:00,2020-02-02 00:00:00,
INGJD015,Navsari,2020-02-02 00:00:00,2020-02-02 00:00:00,
INGJD016,Panch Mahals,2020-02-02 00:00:00,2020-02-02 00:00:00,
INGJD017,Patan,2020-02-02 00:00:00,2020-02-02 00:00:00,
INGJD018,Porbandar,2020-02-02 00:00:00,2020-02-02 00:00:00,
INGJD019,Rajkot,2020-02-02 00:00:00,2020-02-02 00:00:00,
INGJD020,Sabarkantha,2020-02-02 00:00:00,2020-02-02 00:00:00,
INGJD021,Surat,2020-02-02 00:00:00,2020-02-02 00:00:00,
INGJD022,Surendra Nagar,2020-02-02 00:00:00,2020-02-02 00:00:00,
INGJD023,Tapi,2020-02-02 00:00:00,2020-02-02 00:00:00,
INGJD024,The Dangs,2020-02-02 00:00:00,2020-02-02 00:00:00,
INGJD025,Vadodara,2020-02-02 00:00:00,2020-02-02 00:00:00,
INGJD026,Valsad,2020-02-02 00:00:00,2020-02-02 00:00:00,
INHPD001,Bilaspur (HP),2020-02-02 00:00:00,2020-02-02 00:00:00,
INHPD002,Chamba,2020-02-02 00:00:00,2020-02-02 00:00:00,
INHPD003,Hamirpur(HP),2020-02-02 00:00:00,2020-02-02 00:00:00,
INHPD004,Kangra,2020-02-02 00:00:00,2020-02-02 00:00:00,
INHPD005,Kinnaur,2020-02-02 00:00:00,2020-02-02 00:00:00,
INHPD006,Kullu,2020-02-02 00:00:00,2020-02-02 00:00:00,
INHPD007,Lahul & Spiti,2020-02-02 00:00:00,2020-02-02 00:00:00,
INHPD008,Mandi,2020-02-02 00:00:00,2020-02-02 00:00:00,
INHPD009,Shimla,2020-02-02 00:00:00,2020-02-02 00:00:00,
INHPD010,Sirmaur,2020-02-02 00:00:00,2020-02-02 00:00:00,
INHPD011,Solan,2020-02-02 00:00:00,2020-02-02 00:00:00,
INHPD012,Una,2020-02-02 00:00:00,2020-02-02 00:00:00,
INHRD001,Ambala,2020-02-02 00:00:00,2020-02-02 00:00:00,
INHRD002,Bhiwani,2020-02-02 00:00:00,2020-02-02 00:00:00,
INHRD003,Faridabad,2020-02-02 00:00:00,2020-02-02 00:00:00,
INHRD004,Fatehabad,2020-02-02 00:00:00,2020-02-02 00:00:00,
INHRD005,Gurgaon,2020-02-02 00:00:00,2020-02-02 00:00:00,
INHRD006,Hisar,2020-02-02 00:00:00,2020-02-02 00:00:00,
INHRD007,Jhajjar,2020-02-02 00:00:00,2020-02-02 00:00:00,
INHRD008,Jind,2020-02-02 00:00:00,2020-02-02 00:00:00,
INHRD009,Kaithal,2020-02-02 00:00:00,2020-02-02 00:00:00,
INHRD010,Karnal,2020-02-02 00:00:00,2020-02-02 00:00:00,
INHRD011,Kurukshetra,2020-02-02 00:00:00,2020-02-02 00:00:00,
INHRD012,Mahendragarh,2020-02-02 00:00:00,2020-02-02 00:00:00,
INHRD013,Panchkula,2020-02-02 00:00:00,2020-02-02 00:00:00,
INHRD014,Panipat,2020-02-02 00:00:00,2020-02-02 00:00:00,
INHRD015,Rewari,2020-02-02 00:00:00,2020-02-02 00:00:00,
INHRD016,Rohtak,2020-02-02 00:00:00,2020-02-02 00:00:00,
INHRD017,Sirsa,2020-02-02 00:00:00,2020-02-02 00:00:00,
INHRD018,Sonipat,2020-02-02 00:00:00,2020-02-02 00:00:00,
INHRD019,Yamuna Nagar,2020-02-02 00:00:00,2020-02-02 00:00:00,
INJHD001,Bokaro,2020-02-02 00:00:00,2020-02-02 00:00:00,
INJHD002,Chatra,2020-02-02 00:00:00,2020-02-02 00:00:00,
INJHD003,Deoghar,2020-02-02 00:00:00,2020-02-02 00:00:00,
INJHD004,Dhanbad,2020-02-02 00:00:00,2020-02-02 00:00:00,
INJHD005,Dumka,2020-02-02 00:00:00,2020-02-02 00:00:00,
INJHD006,East Singhbhum,2020-02-02 00:00:00,2020-02-02 00:00:00,
INJHD007,Garhwa,2020-02-02 00:00:00,2020-02-02 00:00:00,
INJHD008,Giridh,2020-02-02 00:00:00,2020-02-02 00:00:00,
INJHD009,Godda,2020-02-02 00:00:00,2020-02-02 00:00:00,
INJHD010,Gumla,2020-02-02 00:00:00,2020-02-02 00:00:00,
INJHD011,Hazaribag,2020-02-02 00:00:00,2020-02-02 00:00:00,
INJHD012,Jamtara,2020-02-02 00:00:00,2020-02-02 00:00:00,
INJHD013,Khunti,2020-02-02 00:00:00,2020-02-02 00:00:00,
INJHD014,Koderma,2020-02-02 00:00:00,2020-02-02 00:00:00,
INJHD015,Latehar,2020-02-02 00:00:00,2020-02-02 00:00:00,
INJHD016,Lohardaga,2020-02-02 00:00:00,2020-02-02 00:00:00,
INJHD017,Pakur,2020-02-02 00:00:00,2020-02-02 00:00:00,
INJHD018,Palamau,2020-02-02 00:00:00,2020-02-02 00:00:00,
INJHD019,Ramgarh,2020-02-02 00:00:00,2020-02-02 00:00:00,
INJHD020,Ranchi,2020-02-02 00:00:00,2020-02-02 00:00:00,
INJHD021,Sahibganj,2020-02-02 00:00:00,2020-02-02 00:00:00,
INJHD022,Seraikela-kharsawan,2020-02-02 00:00:00,2020-02-02 00:00:00,
INJHD023,Simdega,2020-02-02 00:00:00,2020-02-02 00:00:00,
INJHD024,West Singhbhum,2020-02-02 00:00:00,2020-02-02 00:00:00,
INJKD001,Ananthnag,2020-02-02 00:00:00,2020-02-02 00:00:00,
INJKD002,Bandipur,2020-02-02 00:00:00,2020-02-02 00:00:00,
INJKD003,Baramulla,2020-02-02 00:00:00,2020-02-02 00:00:00,
INJKD004,Budgam,2020-02-02 00:00:00,2020-02-02 00:00:00,
INJKD005,Doda,2020-02-02 00:00:00,2020-02-02 00:00:00,
INJKD006,Jammu,2020-02-02 00:00:00,2020-02-02 00:00:00,
INJKD007,Kargil,2020-02-02 00:00:00,2020-02-02 00:00:00,
INJKD008,Kathua,2020-02-02 00:00:00,2020-02-02 00:00:00,
INJKD009,Kulgam,2020-02-02 00:00:00,2020-02-02 00:00:00,
INJKD010,Kupwara,2020-02-02 00:00:00,2020-02-02 00:00:00,
INJKD011,Leh,2020-02-02 00:00:00,2020-02-02 00:00:00,
INJKD012,Poonch,2020-02-02 00:00:00,2020-02-02 00:00:00,
INJKD013,Pulwama,2020-02-02 00:00:00,2020-02-02 00:00:00,
INJKD014,Rajauri,2020-02-02 00:00:00,2020-02-02 00:00:00,
INJKD015,Reasi,2020-02-02 00:00:00,2020-02-02 00:00:00,
INJKD016,Shopian,2020-02-02 00:00:00,2020-02-02 00:00:00,
INJKD017,Srinagar,2020-02-02 00:00:00,2020-02-02 00:00:00,
INJKD018,Udhampur,2020-02-02 00:00:00,2020-02-02 00:00:00,
INKLD001,Alappuzha,2020-02-02 00:00:00,2020-02-02 00:00:00,
INKLD002,Ernakulam,2020-02-02 00:00:00,2020-02-02 00:00:00,
INKLD003,Idukki,2020-02-02 00:00:00,2020-02-02 00:00:00,
INKLD004,Kannur,2020-02-02 00:00:00,2020-02-02 00:00:00,
INKLD005,Kasargod,2020-02-02 00:00:00,2020-02-02 00:00:00,
INKLD006,Kollam,2020-02-02 00:00:00,2020-02-02 00:00:00,
INKLD007,Kottayam,2020-02-02 00:00:00,2020-02-02 00:00:00,
INKLD008,Kozhikode,2020-02-02 00:00:00,2020-02-02 00:00:00,
INKLD009,Malappuram,2020-02-02 00:00:00,2020-02-02 00:00:00,
INKLD010,Palakkad,2020-02-02 00:00:00,2020-02-02 00:00:00,
INKLD011,Pathanamthitta,2020-02-02 00:00:00,2020-02-02 00:00:00,
INKLD012,Thiruvananthapuram,2020-02-02 00:00:00,2020-02-02 00:00:00,
INKLD013,Thrissur,2020-02-02 00:00:00,2020-02-02 00:00:00,
INKLD014,Wayanad,2020-02-02 00:00:00,2020-02-02 00:00:00,
INLDD001,Lakshadweep,2020-02-02 00:00:00,2020-02-02 00:00:00,
INMHD001,Ahmed Nagar,2020-02-02 00:00:00,2020-02-02 00:00:00,
INMHD002,Akola,2020-02-02 00:00:00,2020-02-02 00:00:00,
INMHD003,Amravati,2020-02-02 00:00:00,2020-02-02 00:00:00,
INMHD004,Aurangabad,2020-02-02 00:00:00,2020-02-02 00:00:00,
INMHD005,Beed,2020-02-02 00:00:00,2020-02-02 00:00:00,
INMHD006,Bhandara,2020-02-02 00:00:00,2020-02-02 00:00:00,
INMHD007,Buldhana,2020-02-02 00:00:00,2020-02-02 00:00:00,
INMHD008,Chandrapur,2020-02-02 00:00:00,2020-02-02 00:00:00,
INMHD009,Dhule,2020-02-02 00:00:00,2020-02-02 00:00:00,
INMHD010,Gadchiroli,2020-02-02 00:00:00,2020-02-02 00:00:00,
INMHD011,Gondia,2020-02-02 00:00:00,2020-02-02 00:00:00,
INMHD012,Hingoli,2020-02-02 00:00:00,2020-02-02 00:00:00,
INMHD013,Jalgaon,2020-02-02 00:00:00,2020-02-02 00:00:00,
INMHD014,Jalna,2020-02-02 00:00:00,2020-02-02 00:00:00,
INMHD015,Kolhapur,2020-02-02 00:00:00,2020-02-02 00:00:00,
INMHD016,Latur,2020-02-02 00:00:00,2020-02-02 00:00:00,
INMHD017,Mumbai,2020-02-02 00:00:00,2020-02-02 00:00:00,
INMHD018,Nagpur,2020-02-02 00:00:00,2020-02-02 00:00:00,
INMHD019,Nanded,2020-02-02 00:00:00,2020-02-02 00:00:00,
INMHD020,Nandurbar,2020-02-02 00:00:00,2020-02-02 00:00:00,
INMHD021,Nashik,2020-02-02 00:00:00,2020-02-02 00:00:00,
INMHD022,Osmanabad,2020-02-02 00:00:00,2020-02-02 00:00:00,
INMHD023,Parbhani,2020-02-02 00:00:00,2020-02-02 00:00:00,
INMHD024,Pune,2020-02-02 00:00:00,2020-02-02 00:00:00,
INMHD025,Raigarh(MH),2020-02-02 00:00:00,2020-02-02 00:00:00,
INMHD026,Ratnagiri,2020-02-02 00:00:00,2020-02-02 00:00:00,
INMHD027,Sangli,2020-02-02 00:00:00,2020-02-02 00:00:00,
INMHD028,Satara,2020-02-02 00:00:00,2020-02-02 00:00:00,
INMHD029,Sindhudurg,2020-02-02 00:00:00,2020-02-02 00:00:00,
INMHD030,Solapur,2020-02-02 00:00:00,2020-02-02 00:00:00,
INMHD031,Thane,2020-02-02 00:00:00,2020-02-02 00:00:00,
INMHD032,Wardha,2020-02-02 00:00:00,2020-02-02 00:00:00,
INMHD033,Washim,2020-02-02 00:00:00,2020-02-02 00:00:00,
INMHD034,Yavatmal,2020-02-02 00:00:00,2020-02-02 00:00:00,
INMLD001,East Garo Hills,2020-02-02 00:00:00,2020-02-02 00:00:00,
INMLD002,East Khasi Hills,2020-02-02 00:00:00,2020-02-02 00:00:00,
INMLD003,Jaintia Hills,2020-02-02 00:00:00,2020-02-02 00:00:00,
INMLD004,Ri Bhoi,2020-02-02 00:00:00,2020-02-02 00:00:00,
INMLD005,South Garo Hills,2020-02-02 00:00:00,2020-02-02 00:00:00,
INMLD006,West Garo Hills,2020-02-02 00:00:00,2020-02-02 00:00:00,
INMLD007,West Khasi Hills,2020-02-02 00:00:00,2020-02-02 00:00:00,
INMND001,Bishnupur,2020-02-02 00:00:00,2020-02-02 00:00:00,
INMND002,Chandel,2020-02-02 00:00:00,2020-02-02 00:00:00,
INMND003,Churachandpur,2020-02-02 00:00:00,2020-02-02 00:00:00,
INMND004,Imphal East,2020-02-02 00:00:00,2020-02-02 00:00:00,
INMND005,Imphal West,2020-02-02 00:00:00,2020-02-02 00:00:00,
INMND006,Senapati,2020-02-02 00:00:00,2020-02-02 00:00:00,
INMND007,Tamenglong,2020-02-02 00:00:00,2020-02-02 00:00:00,
INMND008,Thoubal,2020-02-02 00:00:00,2020-02-02 00:00:00,
INMND009,Ukhrul,2020-02-02 00:00:00,2020-02-02 00:00:00,
INMPD001,Alirajpur,2020-02-02 00:00:00,2020-02-02 00:00:00,
INMPD002,Anuppur,2020-02-02 00:00:00,2020-02-02 00:00:00,
INMPD003,Ashok Nagar,2020-02-02 00:00:00,2020-02-02 00:00:00,
INMPD004,Balaghat,2020-02-02 00:00:00,2020-02-02 00:00:00,
INMPD005,Barwani,2020-02-02 00:00:00,2020-02-02 00:00:00,
INMPD006,Betul,2020-02-02 00:00:00,2020-02-02 00:00:00,
INMPD007,Bhind,2020-02-02 00:00:00,2020-02-02 00:00:00,
INMPD008,Bhopal,2020-02-02 00:00:00,2020-02-02 00:00:00,
INMPD009,Burhanpur,2020-02-02 00:00:00,2020-02-02 00:00:00,
INMPD010,Chhatarpur,2020-02-02 00:00:00,2020-02-02 00:00:00,
INMPD011,Chhindwara,2020-02-02 00:00:00,2020-02-02 00:00:00,
INMPD012,Damoh,2020-02-02 00:00:00,2020-02-02 00:00:00,
INMPD013,Datia,2020-02-02 00:00:00,2020-02-02 00:00:00,
INMPD014,Dewas,2020-02-02 00:00:00,2020-02-02 00:00:00,
INMPD015,Dhar,2020-02-02 00:00:00,2020-02-02 00:00:00,
INMPD016,Dindori,2020-02-02 00:00:00,2020-02-02 00:00:00,
INMPD017,East Nimar,2020-02-02 00:00:00,2020-02-02 00:00:00,
INMPD018,Guna,2020-02-02 00:00:00,2020-02-02 00:00:00,
INMPD019,Gwalior,2020-02-02 00:00:00,2020-02-02 00:00:00,
INMPD020,Harda,2020-02-02 00:00:00,2020-02-02 00:00:00,
INMPD021,Hoshangabad,2020-02-02 00:00:00,2020-02-02 00:00:00,
INMPD022,Indore,2020-02-02 00:00:00,2020-02-02 00:00:00,
INMPD023,Jabalpur,2020-02-02 00:00:00,2020-02-02 00:00:00,
INMPD024,Jhabua,2020-02-02 00:00:00,2020-02-02 00:00:00,
INMPD025,Katni,2020-02-02 00:00:00,2020-02-02 00:00:00,
INMPD026,Khandwa,2020-02-02 00:00:00,2020-02-02 00:00:00,
INMPD027,Khargone,2020-02-02 00:00:00,2020-02-02 00:00:00,
INMPD028,Mandla,2020-02-02 00:00:00,2020-02-02 00:00:00,
INMPD029,Mandsaur,2020-02-02 00:00:00,2020-02-02 00:00:00,
INMPD030,Morena,2020-02-02 00:00:00,2020-02-02 00:00:00,
INMPD031,Narsinghpur,2020-02-02 00:00:00,2020-02-02 00:00:00,
INMPD032,Neemuch,2020-02-02 00:00:00,2020-02-02 00:00:00,
INMPD033,Panna,2020-02-02 00:00:00,2020-02-02 00:00:00,
INMPD034,Raisen,2020-02-02 00:00:00,2020-02-02 00:00:00,
INMPD035,Rajgarh,2020-02-02 00:00:00,2020-02-02 00:00:00,
INMPD036,Ratlam,2020-02-02 00:00:00,2020-02-02 00:00:00,
INMPD037,Rewa,2020-02-02 00:00:00,2020-02-02 00:00:00,
INMPD038,Sagar,2020-02-02 00:00:00,2020-02-02 00:00:00,
INMPD039,Satna,2020-02-02 00:00:00,2020-02-02 00:00:00,
INMPD040,Sehore,2020-02-02 00:00:00,2020-02-02 00:00:00,
INMPD041,Seoni,2020-02-02 00:00:00,2020-02-02 00:00:00,
INMPD042,Shahdol,2020-02-02 00:00:00,2020-02-02 00:00:00,
INMPD043,Shajapur,2020-02-02 00:00:00,2020-02-02 00:00:00,
INMPD044,Sheopur,2020-02-02 00:00:00,2020-02-02 00:00:00,
INMPD045,Shivpuri,2020-02-02 00:00:00,2020-02-02 00:00:00,
INMPD046,Sidhi,2020-02-02 00:00:00,2020-02-02 00:00:00,
INMPD047,Singrauli,2020-02-02 00:00:00,2020-02-02 00:00:00,
INMPD048,Tikamgarh,2020-02-02 00:00:00,2020-02-02 00:00:00,
INMPD049,Ujjain,2020-02-02 00:00:00,2020-02-02 00:00:00,
INMPD050,Umaria,2020-02-02 00:00:00,2020-02-02 00:00:00,
INMPD051,Vidisha,2020-02-02 00:00:00,2020-02-02 00:00:00,
INMPD052,West Nimar,2020-02-02 00:00:00,2020-02-02 00:00:00,
INMZD001,Aizawl,2020-02-02 00:00:00,2020-02-02 00:00:00,
INMZD002,Champhai,2020-02-02 00:00:00,2020-02-02 00:00:00,
INMZD003,Kolasib,2020-02-02 00:00:00,2020-02-02 00:00:00,
INMZD004,Lawngtlai,2020-02-02 00:00:00,2020-02-02 00:00:00,
INMZD005,Lunglei,2020-02-02 00:00:00,2020-02-02 00:00:00,
INMZD006,Mammit,2020-02-02 00:00:00,2020-02-02 00:00:00,
INMZD007,Saiha,2020-02-02 00:00:00,2020-02-02 00:00:00,
INMZD008,Serchhip,2020-02-02 00:00:00,2020-02-02 00:00:00,
INNLD001,Dimapur,2020-02-02 00:00:00,2020-02-02 00:00:00,
INNLD002,Kiphire,2020-02-02 00:00:00,2020-02-02 00:00:00,
INNLD003,Kohima,2020-02-02 00:00:00,2020-02-02 00:00:00,
INNLD004,Longleng,2020-02-02 00:00:00,2020-02-02 00:00:00,
INNLD005,Mokokchung,2020-02-02 00:00:00,2020-02-02 00:00:00,
INNLD006,Mon,2020-02-02 00:00:00,2020-02-02 00:00:00,
INNLD007,Peren,2020-02-02 00:00:00,2020-02-02 00:00:00,
INNLD008,Phek,2020-02-02 00:00:00,2020-02-02 00:00:00,
INNLD009,Tuensang,2020-02-02 00:00:00,2020-02-02 00:00:00,
INNLD010,Wokha,2020-02-02 00:00:00,2020-02-02 00:00:00,
INNLD011,Zunhebotto,2020-02-02 00:00:00,2020-02-02 00:00:00,
INORD001,Angul,2020-02-02 00:00:00,2020-02-02 00:00:00,
INORD002,Balangir,2020-02-02 00:00:00,2020-02-02 00:00:00,
INORD003,Baleswar,2020-02-02 00:00:00,2020-02-02 00:00:00,
INORD004,Bargarh,2020-02-02 00:00:00,2020-02-02 00:00:00,
INORD005,Bhadrak,2020-02-02 00:00:00,2020-02-02 00:00:00,
INORD006,Boudh,2020-02-02 00:00:00,2020-02-02 00:00:00,
INORD007,Cuttack,2020-02-02 00:00:00,2020-02-02 00:00:00,
INORD008,Debagarh,2020-02-02 00:00:00,2020-02-02 00:00:00,
INORD009,Dhenkanal,2020-02-02 00:00:00,2020-02-02 00:00:00,
INORD010,Gajapati,2020-02-02 00:00:00,2020-02-02 00:00:00,
INORD011,Ganjam,2020-02-02 00:00:00,2020-02-02 00:00:00,
INORD012,Jagatsinghapur,2020-02-02 00:00:00,2020-02-02 00:00:00,
INORD013,Jajapur,2020-02-02 00:00:00,2020-02-02 00:00:00,
INORD014,Jharsuguda,2020-02-02 00:00:00,2020-02-02 00:00:00,
INORD015,Kalahandi,2020-02-02 00:00:00,2020-02-02 00:00:00,
INORD016,Kandhamal,2020-02-02 00:00:00,2020-02-02 00:00:00,
INORD017,Kendrapara,2020-02-02 00:00:00,2020-02-02 00:00:00,
INORD018,Kendujhar,2020-02-02 00:00:00,2020-02-02 00:00:00,
INORD019,Khorda,2020-02-02 00:00:00,2020-02-02 00:00:00,
INORD020,Koraput,2020-02-02 00:00:00,2020-02-02 00:00:00,
INORD021,Malkangiri,2020-02-02 00:00:00,2020-02-02 00:00:00,
INORD022,Mayurbhanj,2020-02-02 00:00:00,2020-02-02 00:00:00,
INORD023,Nabarangapur,2020-02-02 00:00:00,2020-02-02 00:00:00,
INORD024,Nayagarh,2020-02-02 00:00:00,2020-02-02 00:00:00,
INORD025,Nuapada,2020-02-02 00:00:00,2020-02-02 00:00:00,
INORD026,Puri,2020-02-02 00:00:00,2020-02-02 00:00:00,
INORD027,Rayagada,2020-02-02 00:00:00,2020-02-02 00:00:00,
INORD028,Sambalpur,2020-02-02 00:00:00,2020-02-02 00:00:00,
INORD029,Sonapur,2020-02-02 00:00:00,2020-02-02 00:00:00,
INORD030,Sundergarh,2020-02-02 00:00:00,2020-02-02 00:00:00,
INPBD001,Amritsar,2020-02-02 00:00:00,2020-02-02 00:00:00,
INPBD002,Barnala,2020-02-02 00:00:00,2020-02-02 00:00:00,
INPBD003,Bathinda,2020-02-02 00:00:00,2020-02-02 00:00:00,
INPBD004,Faridkot,2020-02-02 00:00:00,2020-02-02 00:00:00,
INPBD005,Fatehgarh Sahib,2020-02-02 00:00:00,2020-02-02 00:00:00,
INPBD006,Fazilka,2020-02-02 00:00:00,2020-02-02 00:00:00,
INPBD007,Firozpur,2020-02-02 00:00:00,2020-02-02 00:00:00,
INPBD008,Gurdaspur,2020-02-02 00:00:00,2020-02-02 00:00:00,
INPBD009,Hoshiarpur,2020-02-02 00:00:00,2020-02-02 00:00:00,
INPBD010,Jalandhar,2020-02-02 00:00:00,2020-02-02 00:00:00,
INPBD011,Kapurthala,2020-02-02 00:00:00,2020-02-02 00:00:00,
INPBD012,Ludhiana,2020-02-02 00:00:00,2020-02-02 00:00:00,
INPBD013,Mansa,2020-02-02 00:00:00,2020-02-02 00:00:00,
INPBD014,Moga,2020-02-02 00:00:00,2020-02-02 00:00:00,
INPBD015,Mohali,2020-02-02 00:00:00,2020-02-02 00:00:00,
INPBD016,Muktsar,2020-02-02 00:00:00,2020-02-02 00:00:00,
INPBD017,Nawanshahr,2020-02-02 00:00:00,2020-02-02 00:00:00,
INPBD018,Pathankot,2020-02-02 00:00:00,2020-02-02 00:00:00,
INPBD019,Patiala,2020-02-02 00:00:00,2020-02-02 00:00:00,
INPBD020,Ropar,2020-02-02 00:00:00,2020-02-02 00:00:00,
INPBD021,Rupnagar,2020-02-02 00:00:00,2020-02-02 00:00:00,
INPBD022,Sangrur,2020-02-02 00:00:00,2020-02-02 00:00:00,
INPBD023,Tarn Taran,2020-02-02 00:00:00,2020-02-02 00:00:00,
INPYD001,Karaikal,2020-02-02 00:00:00,2020-02-02 00:00:00,
INPYD002,Mahe,2020-02-02 00:00:00,2020-02-02 00:00:00,
INPYD003,Pondicherry,2020-02-02 00:00:00,2020-02-02 00:00:00,
INRJD001,Ajmer,2020-02-02 00:00:00,2020-02-02 00:00:00,
INRJD002,Alwar,2020-02-02 00:00:00,2020-02-02 00:00:00,
INRJD003,Banswara,2020-02-02 00:00:00,2020-02-02 00:00:00,
INRJD004,Baran,2020-02-02 00:00:00,2020-02-02 00:00:00,
INRJD005,Barmer,2020-02-02 00:00:00,2020-02-02 00:00:00,
INRJD006,Bharatpur,2020-02-02 00:00:00,2020-02-02 00:00:00,
INRJD007,Bhilwara,2020-02-02 00:00:00,2020-02-02 00:00:00,
INRJD008,Bikaner,2020-02-02 00:00:00,2020-02-02 00:00:00,
INRJD009,Bundi,2020-02-02 00:00:00,2020-02-02 00:00:00,
INRJD010,Chittorgarh,2020-02-02 00:00:00,2020-02-02 00:00:00,
INRJD011,Churu,2020-02-02 00:00:00,2020-02-02 00:00:00,
INRJD012,Dausa,2020-02-02 00:00:00,2020-02-02 00:00:00,
INRJD013,Dholpur,2020-02-02 00:00:00,2020-02-02 00:00:00,
INRJD014,Dungarpur,2020-02-02 00:00:00,2020-02-02 00:00:00,
INRJD015,Ganganagar,2020-02-02 00:00:00,2020-02-02 00:00:00,
INRJD016,Hanumangarh,2020-02-02 00:00:00,2020-02-02 00:00:00,
INRJD017,Jaipur,2020-02-02 00:00:00,2020-02-02 00:00:00,
INRJD018,Jaisalmer,2020-02-02 00:00:00,2020-02-02 00:00:00,
INRJD019,Jalor,2020-02-02 00:00:00,2020-02-02 00:00:00,
INRJD020,Jhalawar,2020-02-02 00:00:00,2020-02-02 00:00:00,
INRJD021,Jhujhunu,2020-02-02 00:00:00,2020-02-02 00:00:00,
INRJD022,Jodhpur,2020-02-02 00:00:00,2020-02-02 00:00:00,
INRJD023,Karauli,2020-02-02 00:00:00,2020-02-02 00:00:00,
INRJD024,Kota,2020-02-02 00:00:00,2020-02-02 00:00:00,
INRJD025,Nagaur,2020-02-02 00:00:00,2020-02-02 00:00:00,
INRJD026,Pali,2020-02-02 00:00:00,2020-02-02 00:00:00,
INRJD027,Rajsamand,2020-02-02 00:00:00,2020-02-02 00:00:00,
INRJD028,Sawai Madhopur,2020-02-02 00:00:00,2020-02-02 00:00:00,
INRJD029,Sikar,2020-02-02 00:00:00,2020-02-02 00:00:00,
INRJD030,Sirohi,2020-02-02 00:00:00,2020-02-02 00:00:00,
INRJD031,Tonk,2020-02-02 00:00:00,2020-02-02 00:00:00,
INRJD032,Udaipur,2020-02-02 00:00:00,2020-02-02 00:00:00,
INSKD001,East Sikkim,2020-02-02 00:00:00,2020-02-02 00:00:00,
INSKD002,North Sikkim,2020-02-02 00:00:00,2020-02-02 00:00:00,
INSKD003,South Sikkim,2020-02-02 00:00:00,2020-02-02 00:00:00,
INSKD004,West Sikkim,2020-02-02 00:00:00,2020-02-02 00:00:00,
INTND001,Ariyalur,2020-02-02 00:00:00,2020-02-02 00:00:00,
INTND002,Chennai,2020-02-02 00:00:00,2020-02-02 00:00:00,
INTND003,Coimbatore,2020-02-02 00:00:00,2020-02-02 00:00:00,
INTND004,Cuddalore,2020-02-02 00:00:00,2020-02-02 00:00:00,
INTND005,Dharmapuri,2020-02-02 00:00:00,2020-02-02 00:00:00,
INTND006,Dindigul,2020-02-02 00:00:00,2020-02-02 00:00:00,
INTND007,Erode,2020-02-02 00:00:00,2020-02-02 00:00:00,
INTND008,Kanchipuram,2020-02-02 00:00:00,2020-02-02 00:00:00,
INTND009,Kanyakumari,2020-02-02 00:00:00,2020-02-02 00:00:00,
INTND010,Karur,2020-02-02 00:00:00,2020-02-02 00:00:00,
INTND011,Krishnagiri,2020-02-02 00:00:00,2020-02-02 00:00:00,
INTND012,Madurai,2020-02-02 00:00:00,2020-02-02 00:00:00,
INTND013,Nagapattinam,2020-02-02 00:00:00,2020-02-02 00:00:00,
INTND014,Namakkal,2020-02-02 00:00:00,2020-02-02 00:00:00,
INTND015,Nilgiris,2020-02-02 00:00:00,2020-02-02 00:00:00,
INTND016,Perambalur,2020-02-02 00:00:00,2020-02-02 00:00:00,
INTND017,Pudukkottai,2020-02-02 00:00:00,2020-02-02 00:00:00,
INTND018,Ramanathapuram,2020-02-02 00:00:00,2020-02-02 00:00:00,
INTND019,Salem,2020-02-02 00:00:00,2020-02-02 00:00:00,
INTND020,Sivaganga,2020-02-02 00:00:00,2020-02-02 00:00:00,
INTND021,Thanjavur,2020-02-02 00:00:00,2020-02-02 00:00:00,
INTND022,Theni,2020-02-02 00:00:00,2020-02-02 00:00:00,
INTND023,Tiruchirappalli,2020-02-02 00:00:00,2020-02-02 00:00:00,
INTND024,Tirunelveli,2020-02-02 00:00:00,2020-02-02 00:00:00,
INTND025,Tiruvallur,2020-02-02 00:00:00,2020-02-02 00:00:00,
INTND026,Tiruvannamalai,2020-02-02 00:00:00,2020-02-02 00:00:00,
INTND027,Tiruvarur,2020-02-02 00:00:00,2020-02-02 00:00:00,
INTND028,Tuticorin,2020-02-02 00:00:00,2020-02-02 00:00:00,
INTND029,Vellore,2020-02-02 00:00:00,2020-02-02 00:00:00,
INTND030,Villupuram,2020-02-02 00:00:00,2020-02-02 00:00:00,
INTND031,Virudhunagar,2020-02-02 00:00:00,2020-02-02 00:00:00,
INTRD001,Dhalai,2020-02-02 00:00:00,2020-02-02 00:00:00,
INTRD002,North Tripura,2020-02-02 00:00:00,2020-02-02 00:00:00,
INTRD003,South Tripura,2020-02-02 00:00:00,2020-02-02 00:00:00,
INTRD004,West Tripura,2020-02-02 00:00:00,2020-02-02 00:00:00,
INTSD001,Adilabad,2020-02-02 00:00:00,2020-02-02 00:00:00,
INTSD002,Hyderabad,2020-02-02 00:00:00,2020-02-02 00:00:00,
INTSD003,K.V.Rangareddy,2020-02-02 00:00:00,2020-02-02 00:00:00,
INTSD004,Karim Nagar,2020-02-02 00:00:00,2020-02-02 00:00:00,
INTSD005,Khammam,2020-02-02 00:00:00,2020-02-02 00:00:00,
INTSD006,Mahabub Nagar,2020-02-02 00:00:00,2020-02-02 00:00:00,
INTSD007,Medak,2020-02-02 00:00:00,2020-02-02 00:00:00,
INTSD008,Nalgonda,2020-02-02 00:00:00,2020-02-02 00:00:00,
INTSD009,Nizamabad,2020-02-02 00:00:00,2020-02-02 00:00:00,
INTSD010,Warangal,2020-02-02 00:00:00,2020-02-02 00:00:00,
INUAD001,Almora,2020-02-02 00:00:00,2020-02-02 00:00:00,
INUAD002,Bageshwar,2020-02-02 00:00:00,2020-02-02 00:00:00,
INUAD003,Chamoli,2020-02-02 00:00:00,2020-02-02 00:00:00,
INUAD004,Champawat,2020-02-02 00:00:00,2020-02-02 00:00:00,
INUAD005,Dehradun,2020-02-02 00:00:00,2020-02-02 00:00:00,
INUAD006,Haridwar,2020-02-02 00:00:00,2020-02-02 00:00:00,
INUAD007,Nainital,2020-02-02 00:00:00,2020-02-02 00:00:00,
INUAD008,Pauri Garhwal,2020-02-02 00:00:00,2020-02-02 00:00:00,
INUAD009,Pithoragarh,2020-02-02 00:00:00,2020-02-02 00:00:00,
INUAD010,Rudraprayag,2020-02-02 00:00:00,2020-02-02 00:00:00,
INUAD011,Tehri Garhwal,2020-02-02 00:00:00,2020-02-02 00:00:00,
INUAD012,Udham Singh Nagar,2020-02-02 00:00:00,2020-02-02 00:00:00,
INUAD013,Uttarkashi,2020-02-02 00:00:00,2020-02-02 00:00:00,
INUPD001,Agra,2020-02-02 00:00:00,2020-02-02 00:00:00,
INUPD002,Aligarh,2020-02-02 00:00:00,2020-02-02 00:00:00,
INUPD003,Allahabad,2020-02-02 00:00:00,2020-02-02 00:00:00,
INUPD004,Ambedkar Nagar,2020-02-02 00:00:00,2020-02-02 00:00:00,
INUPD005,Auraiya,2020-02-02 00:00:00,2020-02-02 00:00:00,
INUPD006,Azamgarh,2020-02-02 00:00:00,2020-02-02 00:00:00,
INUPD007,Bagpat,2020-02-02 00:00:00,2020-02-02 00:00:00,
INUPD008,Bahraich,2020-02-02 00:00:00,2020-02-02 00:00:00,
INUPD009,Ballia,2020-02-02 00:00:00,2020-02-02 00:00:00,
INUPD010,Balrampur,2020-02-02 00:00:00,2020-02-02 00:00:00,
INUPD011,Banda,2020-02-02 00:00:00,2020-02-02 00:00:00,
INUPD012,Barabanki,2020-02-02 00:00:00,2020-02-02 00:00:00,
INUPD013,Bareilly,2020-02-02 00:00:00,2020-02-02 00:00:00,
INUPD014,Basti,2020-02-02 00:00:00,2020-02-02 00:00:00,
INUPD015,Bijnor,2020-02-02 00:00:00,2020-02-02 00:00:00,
INUPD016,Budaun,2020-02-02 00:00:00,2020-02-02 00:00:00,
INUPD017,Bulandshahr,2020-02-02 00:00:00,2020-02-02 00:00:00,
INUPD018,Chandauli,2020-02-02 00:00:00,2020-02-02 00:00:00,
INUPD019,Chitrakoot,2020-02-02 00:00:00,2020-02-02 00:00:00,
INUPD020,Deoria,2020-02-02 00:00:00,2020-02-02 00:00:00,
INUPD021,Etah,2020-02-02 00:00:00,2020-02-02 00:00:00,
INUPD022,Etawah,2020-02-02 00:00:00,2020-02-02 00:00:00,
INUPD023,Faizabad,2020-02-02 00:00:00,2020-02-02 00:00:00,
INUPD024,Farrukhabad,2020-02-02 00:00:00,2020-02-02 00:00:00,
INUPD025,Fatehpur,2020-02-02 00:00:00,2020-02-02 00:00:00,
INUPD026,Firozabad,2020-02-02 00:00:00,2020-02-02 00:00:00,
INUPD027,Gautam Buddha Nagar,2020-02-02 00:00:00,2020-02-02 00:00:00,
INUPD028,Ghaziabad,2020-02-02 00:00:00,2020-02-02 00:00:00,
INUPD029,Ghazipur,2020-02-02 00:00:00,2020-02-02 00:00:00,
INUPD030,Gonda,2020-02-02 00:00:00,2020-02-02 00:00:00,
INUPD031,Gorakhpur,2020-02-02 00:00:00,2020-02-02 00:00:00,
INUPD032,Hamirpur,2020-02-02 00:00:00,2020-02-02 00:00:00,
INUPD033,Hardoi,2020-02-02 00:00:00,2020-02-02 00:00:00,
INUPD034,Hathras,2020-02-02 00:00:00,2020-02-02 00:00:00,
INUPD035,Jalaun,2020-02-02 00:00:00,2020-02-02 00:00:00,
INUPD036,Jaunpur,2020-02-02 00:00:00,2020-02-02 00:00:00,
INUPD037,Jhansi,2020-02-02 00:00:00,2020-02-02 00:00:00,
INUPD038,Jyotiba Phule Nagar,2020-02-02 00:00:00,2020-02-02 00:00:00,
INUPD039,Kannauj,2020-02-02 00:00:00,2020-02-02 00:00:00,
INUPD040,Kanpur Dehat,2020-02-02 00:00:00,2020-02-02 00:00:00,
INUPD041,Kanpur Nagar,2020-02-02 00:00:00,2020-02-02 00:00:00,
INUPD042,Kaushambi,2020-02-02 00:00:00,2020-02-02 00:00:00,
INUPD043,Kheri,2020-02-02 00:00:00,2020-02-02 00:00:00,
INUPD044,Kushinagar,2020-02-02 00:00:00,2020-02-02 00:00:00,
INUPD045,Lalitpur,2020-02-02 00:00:00,2020-02-02 00:00:00,
INUPD046,Lucknow,2020-02-02 00:00:00,2020-02-02 00:00:00,
INUPD047,Maharajganj,2020-02-02 00:00:00,2020-02-02 00:00:00,
INUPD048,Mahoba,2020-02-02 00:00:00,2020-02-02 00:00:00,
INUPD049,Mainpuri,2020-02-02 00:00:00,2020-02-02 00:00:00,
INUPD050,Mathura,2020-02-02 00:00:00,2020-02-02 00:00:00,
INUPD051,Mau,2020-02-02 00:00:00,2020-02-02 00:00:00,
INUPD052,Meerut,2020-02-02 00:00:00,2020-02-02 00:00:00,
INUPD053,Mirzapur,2020-02-02 00:00:00,2020-02-02 00:00:00,
INUPD054,Moradabad,2020-02-02 00:00:00,2020-02-02 00:00:00,
INUPD055,Muzaffarnagar,2020-02-02 00:00:00,2020-02-02 00:00:00,
INUPD056,Pilibhit,2020-02-02 00:00:00,2020-02-02 00:00:00,
INUPD057,Pratapgarh,2020-02-02 00:00:00,2020-02-02 00:00:00,
INUPD058,Raebareli,2020-02-02 00:00:00,2020-02-02 00:00:00,
INUPD059,Rampur,2020-02-02 00:00:00,2020-02-02 00:00:00,
INUPD060,Saharanpur,2020-02-02 00:00:00,2020-02-02 00:00:00,
INUPD061,Sant Kabir Nagar,2020-02-02 00:00:00,2020-02-02 00:00:00,
INUPD062,Sant Ravidas Nagar,2020-02-02 00:00:00,2020-02-02 00:00:00,
INUPD063,Shahjahanpur,2020-02-02 00:00:00,2020-02-02 00:00:00,
INUPD064,Shrawasti,2020-02-02 00:00:00,2020-02-02 00:00:00,
INUPD065,Siddharthnagar,2020-02-02 00:00:00,2020-02-02 00:00:00,
INUPD066,Sitapur,2020-02-02 00:00:00,2020-02-02 00:00:00,
INUPD067,Sonbhadra,2020-02-02 00:00:00,2020-02-02 00:00:00,
INUPD068,Sultanpur,2020-02-02 00:00:00,2020-02-02 00:00:00,
INUPD069,Unnao,2020-02-02 00:00:00,2020-02-02 00:00:00,
INUPD070,Varanasi,2020-02-02 00:00:00,2020-02-02 00:00:00,
BDBARD1,Barguna,2020-02-02 00:00:00,2020-02-02 00:00:00,
BDBARD2,Barishal,2020-02-02 00:00:00,2020-02-02 00:00:00,
BDBARD3,Bhola,2020-02-02 00:00:00,2020-02-02 00:00:00,
BDBARD4,Jhalokati,2020-02-02 00:00:00,2020-02-02 00:00:00,
BDBARD5,Patuakhali,2020-02-02 00:00:00,2020-02-02 00:00:00,
BDBARD6,Pirojpur,2020-02-02 00:00:00,2020-02-02 00:00:00,
BDCHAD1,Bandarban,2020-02-02 00:00:00,2020-02-02 00:00:00,
BDCHAD10,Noakhali,2020-02-02 00:00:00,2020-02-02 00:00:00,
BDCHAD11,Rangamati,2020-02-02 00:00:00,2020-02-02 00:00:00,
BDCHAD2,Brahmanbaria,2020-02-02 00:00:00,2020-02-02 00:00:00,
BDCHAD3,Chandpur,2020-02-02 00:00:00,2020-02-02 00:00:00,
BDCHAD4,Chattogram,2020-02-02 00:00:00,2020-02-02 00:00:00,
BDCHAD5,Cox's Bazar,2020-02-02 00:00:00,2020-02-02 00:00:00,
BDCHAD6,Cumilla,2020-02-02 00:00:00,2020-02-02 00:00:00,
BDCHAD7,Feni,2020-02-02 00:00:00,2020-02-02 00:00:00,
BDCHAD8,Khagrachari,2020-02-02 00:00:00,2020-02-02 00:00:00,
BDCHAD9,Lakshmipur,2020-02-02 00:00:00,2020-02-02 00:00:00,
BDDHAD1,Dhaka,2020-02-02 00:00:00,2020-02-02 00:00:00,
BDDHAD10,Narsingdi,2020-02-02 00:00:00,2020-02-02 00:00:00,
BDDHAD11,Rajbari,2020-02-02 00:00:00,2020-02-02 00:00:00,
BDDHAD12,Shariatpur,2020-02-02 00:00:00,2020-02-02 00:00:00,
BDDHAD13,Tangail,2020-02-02 00:00:00,2020-02-02 00:00:00,
BDDHAD2,Faridpur,2020-02-02 00:00:00,2020-02-02 00:00:00,
BDDHAD3,Gazipur,2020-02-02 00:00:00,2020-02-02 00:00:00,
BDDHAD4,Gopalganj,2020-02-02 00:00:00,2020-02-02 00:00:00,
BDDHAD5,Kishoreganj,2020-02-02 00:00:00,2020-02-02 00:00:00,
BDDHAD6,Madaripur,2020-02-02 00:00:00,2020-02-02 00:00:00,
BDDHAD7,Manikganj,2020-02-02 00:00:00,2020-02-02 00:00:00,
BDDHAD8,Munshiganj,2020-02-02 00:00:00,2020-02-02 00:00:00,
BDDHAD9,Narayanganj,2020-02-02 00:00:00,2020-02-02 00:00:00,
BDKHUD1,Bagerhat,2020-02-02 00:00:00,2020-02-02 00:00:00,
BDKHUD10,Satkhira,2020-02-02 00:00:00,2020-02-02 00:00:00,
BDKHUD2,Chuadanga,2020-02-02 00:00:00,2020-02-02 00:00:00,
BDKHUD3,Jashore,2020-02-02 00:00:00,2020-02-02 00:00:00,
BDKHUD4,Jhenaidah,2020-02-02 00:00:00,2020-02-02 00:00:00,
BDKHUD5,Khulna,2020-02-02 00:00:00,2020-02-02 00:00:00,
BDKHUD6,Kushtia,2020-02-02 00:00:00,2020-02-02 00:00:00,
BDKHUD7,Magura,2020-02-02 00:00:00,2020-02-02 00:00:00,
BDKHUD8,Meherpur,2020-02-02 00:00:00,2020-02-02 00:00:00,
BDKHUD9,Narail,2020-02-02 00:00:00,2020-02-02 00:00:00,
BDMYMD1,Jamalpur,2020-02-02 00:00:00,2020-02-02 00:00:00,
BDMYMD2,Mymensingh,2020-02-02 00:00:00,2020-02-02 00:00:00,
BDMYMD3,Netrakona,2020-02-02 00:00:00,2020-02-02 00:00:00,
BDMYMD4,Sherpur,2020-02-02 00:00:00,2020-02-02 00:00:00,
BDRAJD1,Bogura,2020-02-02 00:00:00,2020-02-02 00:00:00,
BDRAJD2,Chapai Nawabganj,2020-02-02 00:00:00,2020-02-02 00:00:00,
BDRAJD3,Joypurhat,2020-02-02 00:00:00,2020-02-02 00:00:00,
BDRAJD4,Naogaon,2020-02-02 00:00:00,2020-02-02 00:00:00,
BDRAJD5,Natore,2020-02-02 00:00:00,2020-02-02 00:00:00,
BDRAJD6,Pabna,2020-02-02 00:00:00,2020-02-02 00:00:00,
BDRAJD7,Rajshahi,2020-02-02 00:00:00,2020-02-02 00:00:00,
BDRAJD8,Sirajganj,2020-02-02 00:00:00,2020-02-02 00:00:00,
BDRAND1,Dinajpur,2020-02-02 00:00:00,2020-02-02 00:00:00,
BDRAND2,Gaibandha,2020-02-02 00:00:00,2020-02-02 00:00:00,
BDRAND3,Kurigram,2020-02-02 00:00:00,2020-02-02 00:00:00,
BDRAND4,Lalmonirhat,2020-02-02 00:00:00,2020-02-02 00:00:00,
BDRAND5,Nilphamari,2020-02-02 00:00:00,2020-02-02 00:00:00,
BDRAND6,Panchagarh,2020-02-02 00:00:00,2020-02-02 00:00:00,
BDRAND7,Rangpur,2020-02-02 00:00:00,2020-02-02 00:00:00,
BDRAND8,Thakurgaon,2020-02-02 00:00:00,2020-02-02 00:00:00,
BDSYLD1,Habiganj,2020-02-02 00:00:00,2020-02-02 00:00:00,
BDSYLD2,Moulvibazar,2020-02-02 00:00:00,2020-02-02 00:00:00,
BDSYLD3,Sunamganj,2020-02-02 00:00:00,2020-02-02 00:00:00,
BDSYLD4,Sylhet,2020-02-02 00:00:00,2020-02-02 00:00:00,